{"coverage": 76.26865671641791, "raw_data": {"meta": {"format": 2, "version": "7.5.1", "timestamp": "2024-05-07T04:40:47.964425", "branch_coverage": false, "show_contexts": false}, "files": {"bombard/__main__.py": {"executed_lines": [], "summary": {"covered_lines": 0, "num_statements": 2, "percent_covered": 0.0, "percent_covered_display": "0", "missing_lines": 2, "excluded_lines": 0}, "missing_lines": [1, 3], "excluded_lines": []}, "bombard/args.py": {"executed_lines": [1, 5, 6, 8, 9, 14, 15, 16, 17, 18, 19, 20, 21, 24], "summary": {"covered_lines": 13, "num_statements": 32, "percent_covered": 40.625, "percent_covered_display": "41", "missing_lines": 19, "excluded_lines": 0}, "missing_lines": [25, 33, 41, 49, 57, 65, 73, 80, 81, 89, 97, 104, 112, 121, 129, 137, 149, 150, 152], "excluded_lines": []}, "bombard/attr_dict.py": {"executed_lines": [1, 32, 35, 36, 41, 45, 46, 47, 50, 51, 53, 59], "summary": {"covered_lines": 10, "num_statements": 18, "percent_covered": 55.55555555555556, "percent_covered_display": "56", "missing_lines": 8, "excluded_lines": 0}, "missing_lines": [42, 43, 49, 54, 55, 56, 60, 62], "excluded_lines": []}, "bombard/bombardier.py": {"executed_lines": [1, 2, 3, 4, 6, 7, 8, 9, 10, 11, 12, 13, 14, 16, 18, 19, 20, 21, 24, 26, 28, 29, 35, 39, 40, 41, 42, 43, 44, 47, 48, 52, 60, 61, 62, 63, 64, 65, 66, 67, 69, 70, 71, 76, 78, 80, 86, 87, 88, 90, 92, 93, 97, 100, 102, 103, 104, 105, 106, 107, 108, 112, 113, 115, 117, 125, 126, 127, 128, 129, 130, 131, 132, 134, 135, 137, 138, 148, 170, 171, 176, 177, 178, 179, 181, 182, 184, 189, 191, 192, 193, 194, 199, 200, 201, 202, 204, 205, 206, 207, 208, 210, 213, 215, 217, 219, 222, 224, 226, 228, 229, 234, 246, 248, 265, 266, 267, 268, 269, 271, 272, 273, 274, 275, 276, 277, 278, 285, 287, 288], "summary": {"covered_lines": 129, "num_statements": 162, "percent_covered": 79.62962962962963, "percent_covered_display": "80", "missing_lines": 33, "excluded_lines": 0}, "missing_lines": [27, 30, 31, 32, 89, 109, 110, 114, 133, 136, 142, 143, 144, 149, 150, 153, 154, 161, 162, 163, 164, 165, 180, 196, 197, 198, 214, 220, 230, 241, 242, 270, 284], "excluded_lines": []}, "bombard/campaign_yaml.py": {"executed_lines": [1, 8, 9, 10, 12, 14, 17, 18, 19, 23, 25, 26, 33, 36, 37, 38, 39, 41, 42, 49, 57], "summary": {"covered_lines": 20, "num_statements": 28, "percent_covered": 71.42857142857143, "percent_covered_display": "71", "missing_lines": 8, "excluded_lines": 0}, "missing_lines": [30, 46, 47, 50, 51, 52, 53, 54], "excluded_lines": []}, "bombard/expand_file_name.py": {"executed_lines": [1, 2, 4, 5, 6, 7, 10, 14, 17, 25, 26, 27, 29, 30, 31, 32, 33, 35, 37, 39, 42, 43, 44, 49, 50, 51], "summary": {"covered_lines": 26, "num_statements": 33, "percent_covered": 78.78787878787878, "percent_covered_display": "79", "missing_lines": 7, "excluded_lines": 0}, "missing_lines": [22, 28, 34, 36, 45, 46, 47], "excluded_lines": []}, "bombard/http_request.py": {"executed_lines": [1, 2, 3, 4, 6, 9, 22, 23, 24, 25, 26, 36, 42, 43, 46], "summary": {"covered_lines": 15, "num_statements": 18, "percent_covered": 83.33333333333333, "percent_covered_display": "83", "missing_lines": 3, "excluded_lines": 0}, "missing_lines": [32, 44, 45], "excluded_lines": []}, "bombard/main.py": {"executed_lines": [1, 5, 6, 7, 8, 10, 12, 13, 14, 15, 16, 21, 22, 24, 28, 43, 47, 48, 53, 56, 61, 62, 63, 66, 70, 71, 72, 73, 76, 80, 81, 83, 84, 87, 91, 92, 95, 96, 97, 101, 103, 104, 105, 107, 109, 110, 111, 112, 113, 114, 115, 116, 117, 118, 119, 122, 123, 124, 125, 130, 131, 133, 135, 138, 140, 142, 143, 144, 146, 147, 148, 149, 152, 153, 156, 160], "summary": {"covered_lines": 75, "num_statements": 95, "percent_covered": 78.94736842105263, "percent_covered_display": "79", "missing_lines": 20, "excluded_lines": 0}, "missing_lines": [32, 33, 34, 35, 36, 37, 38, 39, 40, 49, 50, 51, 52, 85, 86, 134, 136, 150, 157, 161], "excluded_lines": []}, "bombard/mock_globals.py": {"executed_lines": [], "summary": {"covered_lines": 0, "num_statements": 28, "percent_covered": 0.0, "percent_covered_display": "0", "missing_lines": 28, "excluded_lines": 0}, "missing_lines": [10, 12, 13, 15, 18, 19, 22, 23, 26, 27, 30, 31, 34, 35, 36, 39, 44, 47, 50, 51, 52, 53, 54, 55, 56, 57, 58, 59], "excluded_lines": []}, "bombard/pretty_ns.py": {"executed_lines": [1, 23, 24, 27, 31, 40, 41, 42, 43, 44, 45, 49, 50, 60, 61, 63, 66, 70, 73, 74, 77, 78, 82], "summary": {"covered_lines": 22, "num_statements": 36, "percent_covered": 61.111111111111114, "percent_covered_display": "61", "missing_lines": 14, "excluded_lines": 0}, "missing_lines": [46, 51, 52, 54, 55, 57, 64, 67, 68, 71, 75, 79, 83, 85], "excluded_lines": []}, "bombard/pretty_sz.py": {"executed_lines": [1, 4, 5, 12, 13, 14, 15, 16, 17], "summary": {"covered_lines": 9, "num_statements": 10, "percent_covered": 90.0, "percent_covered_display": "90", "missing_lines": 1, "excluded_lines": 0}, "missing_lines": [18], "excluded_lines": []}, "bombard/report.py": {"executed_lines": [1, 9, 10, 11, 12, 14, 15, 16, 18, 19, 20, 21, 22, 23, 24, 25, 28, 29, 35, 46, 56, 60, 62, 63, 64, 66, 70, 74, 75, 78, 93, 94, 95, 96, 98, 99, 102, 115, 116, 117, 118, 119, 120, 121, 123, 133, 134, 135, 136, 137, 138, 139, 141, 142, 146, 148, 156, 165, 166, 167, 168, 169, 170, 171, 172, 174, 175, 177, 178, 180, 181, 182, 184, 186, 187, 188, 189, 190, 191, 192, 201, 202, 203, 208, 209, 210, 211, 216, 217], "summary": {"covered_lines": 87, "num_statements": 91, "percent_covered": 95.6043956043956, "percent_covered_display": "96", "missing_lines": 4, "excluded_lines": 0}, "missing_lines": [76, 100, 147, 183], "excluded_lines": []}, "bombard/request_logging.py": {"executed_lines": [1, 7, 8, 9, 11, 12, 13, 15, 16, 17, 20, 24, 25, 26, 27, 28, 29, 32, 36, 37, 38, 39, 40, 41, 44, 48, 49, 52, 53, 54, 55, 56, 57, 58, 59, 60, 63, 64, 65, 66, 71, 72, 73, 74, 75, 77], "summary": {"covered_lines": 45, "num_statements": 49, "percent_covered": 91.83673469387755, "percent_covered_display": "92", "missing_lines": 4, "excluded_lines": 0}, "missing_lines": [78, 79, 80, 81], "excluded_lines": []}, "bombard/show_descr.py": {"executed_lines": [1, 2, 3, 6, 7], "summary": {"covered_lines": 5, "num_statements": 5, "percent_covered": 100.0, "percent_covered_display": "100", "missing_lines": 0, "excluded_lines": 0}, "missing_lines": [], "excluded_lines": []}, "bombard/terminal_colours.py": {"executed_lines": [1, 17, 19, 20, 21, 22, 23, 24, 26, 29, 30, 33, 34, 37, 38, 41, 45, 49, 53, 57], "summary": {"covered_lines": 19, "num_statements": 27, "percent_covered": 70.37037037037037, "percent_covered_display": "70", "missing_lines": 8, "excluded_lines": 0}, "missing_lines": [42, 46, 50, 54, 58, 60, 61, 62], "excluded_lines": []}, "bombard/version.py": {"executed_lines": [1], "summary": {"covered_lines": 1, "num_statements": 1, "percent_covered": 100.0, "percent_covered_display": "100", "missing_lines": 0, "excluded_lines": 0}, "missing_lines": [], "excluded_lines": []}, "bombard/weaver_mill.py": {"executed_lines": [1, 9, 10, 11, 12, 13, 16, 17, 21, 22, 23, 24, 25, 26, 27, 28, 29, 31, 40, 41, 42, 43, 44, 45, 47, 49, 50, 58, 63, 65, 67, 69, 71, 72, 73, 74], "summary": {"covered_lines": 35, "num_statements": 35, "percent_covered": 100.0, "percent_covered_display": "100", "missing_lines": 0, "excluded_lines": 0}, "missing_lines": [], "excluded_lines": []}}, "totals": {"covered_lines": 511, "num_statements": 670, "percent_covered": 76.26865671641791, "percent_covered_display": "76", "missing_lines": 159, "excluded_lines": 0}}, "coverage_path": "."}