{"coverage": 76.08370702541106, "raw_data": {"meta": {"version": "7.4.0", "timestamp": "2024-01-17T07:37:56.371520", "branch_coverage": false, "show_contexts": false}, "files": {"bombard/__main__.py": {"executed_lines": [], "summary": {"covered_lines": 0, "num_statements": 2, "percent_covered": 0.0, "percent_covered_display": "0", "missing_lines": 2, "excluded_lines": 0}, "missing_lines": [1, 3], "excluded_lines": []}, "bombard/args.py": {"executed_lines": [1, 4, 5, 7, 8, 13, 14, 17, 18, 19, 20, 21, 22, 25], "summary": {"covered_lines": 13, "num_statements": 32, "percent_covered": 40.625, "percent_covered_display": "41", "missing_lines": 19, "excluded_lines": 0}, "missing_lines": [26, 34, 42, 50, 58, 66, 74, 77, 78, 86, 94, 101, 109, 118, 126, 134, 146, 147, 149], "excluded_lines": []}, "bombard/attr_dict.py": {"executed_lines": [1, 31, 34, 35, 40, 44, 45, 46, 49, 50, 52, 60], "summary": {"covered_lines": 10, "num_statements": 18, "percent_covered": 55.55555555555556, "percent_covered_display": "56", "missing_lines": 8, "excluded_lines": 0}, "missing_lines": [41, 42, 48, 53, 54, 55, 61, 63], "excluded_lines": []}, "bombard/bombardier.py": {"executed_lines": [1, 2, 3, 4, 6, 7, 8, 9, 10, 11, 12, 13, 14, 16, 18, 19, 20, 21, 24, 26, 28, 29, 35, 39, 40, 41, 42, 43, 44, 47, 48, 52, 60, 61, 62, 63, 64, 65, 66, 67, 69, 70, 71, 76, 78, 80, 86, 87, 88, 90, 92, 93, 97, 100, 102, 103, 104, 105, 106, 107, 108, 112, 113, 115, 117, 120, 121, 122, 123, 124, 125, 126, 127, 129, 130, 132, 133, 142, 163, 164, 167, 168, 169, 170, 172, 173, 175, 180, 182, 183, 184, 185, 190, 191, 192, 193, 195, 196, 197, 198, 199, 201, 204, 206, 208, 210, 213, 215, 217, 219, 220, 225, 237, 239, 252, 253, 254, 255, 256, 258, 259, 260, 261, 262, 263, 264, 265, 272, 274, 275], "summary": {"covered_lines": 129, "num_statements": 162, "percent_covered": 79.62962962962963, "percent_covered_display": "80", "missing_lines": 33, "excluded_lines": 0}, "missing_lines": [27, 30, 31, 32, 89, 109, 110, 114, 128, 131, 137, 138, 139, 143, 144, 147, 148, 155, 156, 157, 158, 159, 171, 187, 188, 189, 205, 211, 221, 232, 233, 257, 271], "excluded_lines": []}, "bombard/campaign_yaml.py": {"executed_lines": [1, 7, 8, 9, 11, 13, 16, 17, 18, 22, 24, 25, 32, 35, 36, 37, 38, 40, 41, 48, 56], "summary": {"covered_lines": 20, "num_statements": 28, "percent_covered": 71.42857142857143, "percent_covered_display": "71", "missing_lines": 8, "excluded_lines": 0}, "missing_lines": [29, 45, 46, 49, 50, 51, 52, 53], "excluded_lines": []}, "bombard/expand_file_name.py": {"executed_lines": [1, 2, 4, 5, 6, 7, 10, 14, 16, 22, 23, 24, 26, 27, 28, 29, 30, 34, 36, 38, 41, 42, 43, 48, 49, 50], "summary": {"covered_lines": 26, "num_statements": 33, "percent_covered": 78.78787878787878, "percent_covered_display": "79", "missing_lines": 7, "excluded_lines": 0}, "missing_lines": [19, 25, 31, 35, 44, 45, 46], "excluded_lines": []}, "bombard/http_request.py": {"executed_lines": [1, 2, 3, 4, 6, 9, 22, 23, 24, 25, 26, 36, 39, 40, 43], "summary": {"covered_lines": 15, "num_statements": 18, "percent_covered": 83.33333333333333, "percent_covered_display": "83", "missing_lines": 3, "excluded_lines": 0}, "missing_lines": [32, 41, 42], "excluded_lines": []}, "bombard/main.py": {"executed_lines": [1, 4, 5, 6, 7, 9, 11, 12, 13, 14, 15, 16, 17, 19, 23, 38, 42, 43, 48, 51, 56, 57, 58, 61, 65, 66, 67, 68, 71, 75, 76, 78, 79, 82, 86, 87, 90, 93, 94, 98, 100, 101, 102, 104, 106, 107, 108, 109, 110, 111, 112, 113, 114, 115, 116, 119, 120, 121, 122, 125, 126, 128, 130, 133, 135, 137, 138, 139, 141, 142, 143, 144, 147, 150, 154], "summary": {"covered_lines": 74, "num_statements": 94, "percent_covered": 78.72340425531915, "percent_covered_display": "79", "missing_lines": 20, "excluded_lines": 0}, "missing_lines": [27, 28, 29, 30, 31, 32, 33, 34, 35, 44, 45, 46, 47, 80, 81, 129, 131, 145, 151, 155], "excluded_lines": []}, "bombard/mock_globals.py": {"executed_lines": [], "summary": {"covered_lines": 0, "num_statements": 29, "percent_covered": 0.0, "percent_covered_display": "0", "missing_lines": 29, "excluded_lines": 0}, "missing_lines": [10, 11, 13, 14, 16, 19, 20, 23, 24, 27, 28, 31, 32, 35, 36, 37, 40, 45, 46, 49, 50, 51, 52, 53, 54, 55, 56, 57, 58], "excluded_lines": []}, "bombard/pretty_ns.py": {"executed_lines": [1, 22, 23, 26, 30, 39, 40, 41, 42, 43, 44, 48, 49, 59, 60, 63, 67, 70, 71, 74, 75, 79], "summary": {"covered_lines": 21, "num_statements": 35, "percent_covered": 60.0, "percent_covered_display": "60", "missing_lines": 14, "excluded_lines": 0}, "missing_lines": [45, 50, 51, 53, 54, 56, 61, 64, 65, 68, 72, 76, 80, 82], "excluded_lines": []}, "bombard/pretty_sz.py": {"executed_lines": [1, 4, 5, 12, 13, 14, 15, 16, 17], "summary": {"covered_lines": 9, "num_statements": 10, "percent_covered": 90.0, "percent_covered_display": "90", "missing_lines": 1, "excluded_lines": 0}, "missing_lines": [18], "excluded_lines": []}, "bombard/report.py": {"executed_lines": [1, 8, 9, 10, 11, 13, 14, 15, 17, 18, 19, 20, 21, 22, 23, 24, 27, 28, 34, 45, 52, 56, 58, 59, 60, 62, 66, 70, 71, 74, 85, 86, 87, 88, 90, 91, 94, 107, 108, 109, 110, 111, 115, 116, 118, 128, 129, 130, 131, 132, 136, 137, 139, 140, 144, 146, 154, 161, 162, 163, 166, 167, 170, 171, 172, 174, 175, 179, 180, 182, 183, 184, 186, 188, 189, 190, 191, 192, 193, 194, 203, 204, 205, 210, 211, 212, 213, 218, 219], "summary": {"covered_lines": 87, "num_statements": 91, "percent_covered": 95.6043956043956, "percent_covered_display": "96", "missing_lines": 4, "excluded_lines": 0}, "missing_lines": [72, 92, 145, 185], "excluded_lines": []}, "bombard/request_logging.py": {"executed_lines": [1, 6, 7, 8, 10, 11, 12, 14, 15, 16, 19, 23, 24, 25, 26, 27, 28, 31, 35, 36, 37, 38, 39, 40, 43, 47, 48, 51, 52, 53, 54, 55, 56, 57, 58, 61, 64, 65, 66, 67, 72, 73, 74, 75, 76, 78], "summary": {"covered_lines": 45, "num_statements": 49, "percent_covered": 91.83673469387755, "percent_covered_display": "92", "missing_lines": 4, "excluded_lines": 0}, "missing_lines": [79, 80, 81, 82], "excluded_lines": []}, "bombard/show_descr.py": {"executed_lines": [1, 2, 3, 6, 7], "summary": {"covered_lines": 5, "num_statements": 5, "percent_covered": 100.0, "percent_covered_display": "100", "missing_lines": 0, "excluded_lines": 0}, "missing_lines": [], "excluded_lines": []}, "bombard/terminal_colours.py": {"executed_lines": [1, 17, 19, 20, 21, 22, 23, 24, 26, 29, 30, 33, 34, 37, 38, 41, 45, 49, 53, 57], "summary": {"covered_lines": 19, "num_statements": 27, "percent_covered": 70.37037037037037, "percent_covered_display": "70", "missing_lines": 8, "excluded_lines": 0}, "missing_lines": [42, 46, 50, 54, 58, 60, 61, 62], "excluded_lines": []}, "bombard/version.py": {"executed_lines": [1], "summary": {"covered_lines": 1, "num_statements": 1, "percent_covered": 100.0, "percent_covered_display": "100", "missing_lines": 0, "excluded_lines": 0}, "missing_lines": [], "excluded_lines": []}, "bombard/weaver_mill.py": {"executed_lines": [1, 8, 9, 10, 11, 12, 15, 16, 20, 21, 22, 23, 24, 25, 26, 27, 28, 30, 39, 40, 41, 42, 43, 44, 46, 48, 49, 57, 62, 64, 66, 68, 70, 71, 72, 73], "summary": {"covered_lines": 35, "num_statements": 35, "percent_covered": 100.0, "percent_covered_display": "100", "missing_lines": 0, "excluded_lines": 0}, "missing_lines": [], "excluded_lines": []}}, "totals": {"covered_lines": 509, "num_statements": 669, "percent_covered": 76.08370702541106, "percent_covered_display": "76", "missing_lines": 160, "excluded_lines": 0}}, "coverage_path": "."}